lake_name,sample,sample_type,mothur_id,latitude,longitude,Total,Aquatic,Wetland,Terrestrial
Austin.Lake,AUS_01,surface,AUS@01,42.172549,-85.555731,4,2,0,2
Austin.Lake,AUS_02,benthic,AUS@02,42.171633,-85.554749,10,4,2,2
Austin.Lake,AUS_03,surface,AUS@03,42.172578,-85.553855,4,2,0,2
Austin.Lake,AUS_04,surface,AUS@04,42.172077,-85.552223,1,1,0,0
Austin.Lake,AUS_05,surface,AUS@05,42.168736,-85.55256,6,2,1,1
Austin.Lake,AUS_06,surface,AUS@06,42.169328,-85.562576,2,1,0,1
Austin.Lake,AUS_07,benthic,AUS@07,42.169106,-85.562246,10,4,2,4
Austin.Lake,AUS_08,surface,AUS@08,42.163669,-85.564153,5,4,1,0
Austin.Lake,AUS_09,benthic,AUS@09,42.16693,-85.557918,4,2,0,1
Austin.Lake,AUS_10,surface,AUS@10,42.165792,-85.555365,6,3,0,3
Austin.Lake,AUS_11,surface,AUS@11,42.167474,-85.551348,4,0,1,3
Austin.Lake,AUS_12,surface,AUS@12,42.165996,-85.547834,7,1,0,6
Austin.Lake,AUS_13,surface,AUS@13,42.166702,-85.542627,0,0,0,0
Austin.Lake,AUS_14,surface,AUS@14,42.16667,-85.540284,3,0,1,1
Austin.Lake,AUS_15,benthic,AUS@15,42.16955,-85.545637,7,3,1,3
Austin.Lake,AUS_16,surface,AUS@16,42.171203,-85.543476,0,0,0,0
Austin.Lake,AUS_17,surface,AUS@17,42.172696,-85.542424,5,2,0,2
Austin.Lake,AUS_18,benthic,AUS@18,42.17404,-85.541666,0,0,0,0
Austin.Lake,AUS_19,surface,AUS@19,42.175083,-85.541201,2,0,1,0
Austin.Lake,AUS_20,benthic,AUS@20,42.175345,-85.540958,4,3,1,0
Austin.Lake,AUS_21,surface,AUS@21,42.171091,-85.538321,1,0,0,1
Austin.Lake,AUS_22,benthic,AUS@22,42.174627,-85.538753,4,2,0,2
Austin.Lake,AUS_23,surface,AUS@23,42.177993,-85.541667,4,2,0,0
Austin.Lake,AUS_24,surface,AUS@24,42.180734,-85.543351,1,1,0,0
Austin.Lake,AUS_25,surface,AUS@25,42.184364,-85.543352,3,1,1,1
Austin.Lake,AUS_26,surface,AUS@26,42.176112,-85.545645,2,2,0,0
Austin.Lake,AUS_27,benthic,AUS@27,42.169398,-85.551187,6,3,1,2
Austin.Lake,AUS_28,surface,AUS@28,42.173562,-85.550991,1,1,0,0
Austin.Lake,AUS_29,surface,AUS@29,42.178777,-85.552183,0,0,0,0
Austin.Lake,AUS_30,surface,AUS@30,42.18008,-85.554057,2,2,0,0
Austin.Lake,AUS_31,benthic,AUS@31,42.183113,-85.549443,5,4,0,1
Austin.Lake,AUS_32,surface,AUS@32,42.183517,-85.550219,0,0,0,0
Austin.Lake,AUS_33,surface,AUS@33,42.18523,-85.555589,5,1,1,2
Austin.Lake,AUS_34,surface,AUS@34,42.187684,-85.552083,5,3,1,1
Austin.Lake,AUS_35,benthic,AUS@35,42.188862,-85.550949,11,4,1,4
Austin.Lake,AUS_36,surface,AUS@36,42.188266,-85.554875,2,1,0,0
Austin.Lake,AUS_37,benthic,AUS@37,42.18908,-85.55479,3,2,0,1
Austin.Lake,AUS_38,surface,AUS@38,42.186905,-85.557246,5,2,0,3
Austin.Lake,AUS_39,surface,AUS@39,42.181957,-85.561704,8,3,2,2
Austin.Lake,AUS_40,surface,AUS@40,42.182488,-85.556166,7,1,0,5
Brevort.Lake,BRE_01,surface,BRE@01,45.991386,-84.878354,4,3,0,1
Brevort.Lake,BRE_02,surface,BRE@02,45.990851,-84.880412,1,0,0,1
Brevort.Lake,BRE_03,surface,BRE@03,45.988444,-84.883275,2,1,0,1
Brevort.Lake,BRE_04,benthic,BRE@04,45.984098,-84.884052,1,1,0,0
Brevort.Lake,BRE_05,surface,BRE@05,45.984486,-84.875331,0,0,0,0
Brevort.Lake,BRE_06,benthic,BRE@06,45.996522,-84.886131,10,5,2,3
Brevort.Lake,BRE_07,surface,BRE@07,45.996148,-84.898131,1,0,0,1
Brevort.Lake,BRE_08,surface,BRE@08,45.999873,-84.90045,2,0,0,2
Brevort.Lake,BRE_09,benthic,BRE@09,46.004923,-84.899118,6,2,0,4
Brevort.Lake,BRE_10,surface,BRE@10,46.005616,-84.896597,3,1,0,2
Brevort.Lake,BRE_11,surface,BRE@11,46.004236,-84.909051,2,1,0,1
Brevort.Lake,BRE_12,benthic,BRE@12,46.00955,-84.915091,1,0,0,1
Brevort.Lake,BRE_13,surface,BRE@13,46.004981,-84.923391,4,1,0,2
Brevort.Lake,BRE_14,surface,BRE@14,46.000496,-84.929137,1,1,0,0
Brevort.Lake,BRE_15,surface,BRE@15,46.001493,-84.934193,2,1,0,1
Brevort.Lake,BRE_16,surface,BRE@16,46.007698,-84.934324,1,0,0,1
Brevort.Lake,BRE_17,benthic,BRE@17,46.008719,-84.939574,2,0,0,2
Brevort.Lake,BRE_18,surface,BRE@18,46.009881,-84.944235,1,1,0,0
Brevort.Lake,BRE_19,benthic,BRE@19,46.012466,-84.948952,4,3,0,1
Brevort.Lake,BRE_20,surface,BRE@20,46.004798,-84.956263,2,1,0,1
Brevort.Lake,BRE_21,surface,BRE@21,45.999794,-84.955684,3,3,0,0
Brevort.Lake,BRE_22,benthic,BRE@22,46.007349,-84.963794,12,8,1,3
Brevort.Lake,BRE_23,surface,BRE@23,46.011581,-84.968384,3,0,0,3
Brevort.Lake,BRE_24,surface,BRE@24,46.009554,-84.972076,5,3,0,2
Brevort.Lake,BRE_25,surface,BRE@25,46.010786,-84.977972,4,4,0,0
Brevort.Lake,BRE_26,surface,BRE@26,46.015499,-84.97777,5,3,1,1
Brevort.Lake,BRE_27,benthic,BRE@27,46.017058,-84.968244,4,4,0,0
Brevort.Lake,BRE_30,surface,BRE@30,46.00127,-84.942491,4,1,1,2
Brevort.Lake,BRE_31,benthic,BRE@31,45.992003,-84.93756,5,4,0,1
Brevort.Lake,BRE_32,surface,BRE@32,45.991342,-84.938673,1,0,0,1
Brevort.Lake,BRE_35,surface,BRE@35,45.987375,-84.929296,4,2,0,2
Brevort.Lake,BRE_36,surface,BRE@36,45.983151,-84.924415,2,1,0,0
Brevort.Lake,BRE_37,surface,BRE@37,45.992946,-84.918175,3,0,0,3
Brevort.Lake,BRE_38,benthic,BRE@38,45.995733,-84.921291,1,1,0,0
Brevort.Lake,BRE_40,surface,BRE@40,45.987771,-84.912595,1,0,0,1
Brevort.Lake,BRE_41,surface,BRE@41,45.983795,-84.91151,0,0,0,0
Brevort.Lake,BRE_42,surface,BRE@42,45.978275,-84.911797,0,0,0,0
Brevort.Lake,BRE_44,benthic,BRE@44,45.983892,-84.904701,4,2,0,2
Brevort.Lake,BRE_45,surface,BRE@45,45.982985,-84.901636,1,0,0,1
Cass.Lake,CAS_01,benthic,CAS@01,42.61832,-83.3764,11,6,3,2
Cass.Lake,CAS_02,surface,CAS@02,42.61832,-83.3764,0,0,0,0
Cass.Lake,CAS_03,surface,CAS@03,42.61972,-83.38051,6,4,1,1
Cass.Lake,CAS_04,benthic,CAS@04,42.62034,-83.38109,8,5,1,2
Cass.Lake,CAS_05,surface,CAS@05,42.62107,-83.38198,3,3,0,0
Cass.Lake,CAS_06,surface,CAS@06,42.62165,-83.38299,13,10,1,2
Cass.Lake,CAS_07,surface,CAS@07,42.625312,-83.386602,4,3,0,1
Cass.Lake,CAS_08,surface,CAS@08,42.620054,-83.378456,5,5,0,0
Cass.Lake,CAS_09,surface,CAS@09,42.61376,-83.37601,0,0,0,0
Cass.Lake,CAS_10,surface,CAS@10,42.60989,-83.37587,1,0,1,0
Cass.Lake,CAS_11,surface,CAS@11,42.60501,-83.37874,1,0,0,1
Cass.Lake,CAS_12,surface,CAS@12,42.60125,-83.38708,5,1,2,2
Cass.Lake,CAS_13,benthic,CAS@13,42.60079,-83.39392,9,2,2,5
Cass.Lake,CAS_14,surface,CAS@14,42.59701,-83.3917,6,2,1,3
Cass.Lake,CAS_15,surface,CAS@15,42.59739,-83.39036,8,2,4,2
Cass.Lake,CAS_16,surface,CAS@16,42.60078,-83.37768,3,1,0,2
Cass.Lake,CAS_17,benthic,CAS@17,42.599969,-83.376491,0,0,0,0
Cass.Lake,CAS_18,surface,CAS@18,42.60173,-83.37568,2,0,0,2
Cass.Lake,CAS_19,surface,CAS@19,42.59789,-83.37098,2,0,1,1
Cass.Lake,CAS_20,benthic,CAS@20,42.59831,-83.37101,0,0,0,0
Cass.Lake,CAS_21,benthic,CAS@21,42.59948,-83.36758,21,6,6,9
Cass.Lake,CAS_22,surface,CAS@22,42.600108,-83.360778,3,1,2,0
Cass.Lake,CAS_23,surface,CAS@23,42.60112,-83.36026,4,2,0,2
Cass.Lake,CAS_24,surface,CAS@24,42.60566,-83.34904,1,0,0,1
Cass.Lake,CAS_25,benthic,CAS@25,42.61285,-83.34776,1,0,0,1
Cass.Lake,CAS_26,surface,CAS@26,42.60836,-83.35075,3,0,1,2
Cass.Lake,CAS_27,benthic,CAS@27,42.608,-83.35213,12,7,1,4
Cass.Lake,CAS_28,surface,CAS@28,42.60709,-83.35375,5,1,2,2
Cass.Lake,CAS_30,surface,CAS@30,42.601936,-83.372075,4,3,1,0
Cass.Lake,CAS_31,surface,CAS@31,42.605675,-83.374193,1,0,0,1
Cass.Lake,CAS_33,benthic,CAS@33,42.6134,-83.36338,1,0,0,1
Cass.Lake,CAS_36,surface,CAS@36,42.611508,-83.363162,3,2,1,0
Cass.Lake,CAS_37,surface,CAS@37,42.6134,-83.36338,1,1,0,0
Cass.Lake,CAS_38,surface,CAS@38,42.62045,-83.35516,4,2,0,2
Cass.Lake,CAS_39,benthic,CAS@39,42.62083,-83.35545,5,3,2,0
Cass.Lake,CAS_40,benthic,CAS@40,42.62247,-83.36111,5,3,0,2
Cass.Lake,CAS_41,benthic,CAS@41,42.62101,-83.36186,6,3,2,1
Cass.Lake,CAS_42,surface,CAS@42,42.6205,-83.36229,11,4,4,3
Cass.Lake,CAS_43,surface,CAS@43,42.61285,-83.366,16,1,2,13
Cass.Lake,CAS_44,surface,CAS@44,42.61379,-83.37073,4,0,0,4
Dumont.Lake,DUM_02,surface,4@2,42.5936,-85.86135,3,0,0,3
Dumont.Lake,DUM_03,surface,4@3,42.58995,-85.8625,13,2,4,7
Dumont.Lake,DUM_04,surface,4@4,42.5898,-85.86118333,3,0,0,3
Dumont.Lake,DUM_05,benthic,4@5,42.5905,-85.86065,5,1,1,3
Dumont.Lake,DUM_06,surface,4@6,42.59088333,-85.85833333,3,0,1,2
Dumont.Lake,DUM_07,surface,4@7,42.59021667,-85.85693333,14,3,5,6
Dumont.Lake,DUM_08,benthic,4@8,42.59033333,-85.85658333,14,2,8,4
Dumont.Lake,DUM_09,surface,4@9,42.58918333,-85.85791667,7,3,2,2
Dumont.Lake,DUM_10,surface,4@10,42.58981667,-85.85483333,10,4,2,4
Dumont.Lake,DUM_11,surface,4@11,42.59016667,-85.85215,26,7,9,10
Dumont.Lake,DUM_12,benthic,4@12,42.59081667,-85.85228333,7,4,1,2
Dumont.Lake,DUM_13,surface,4@13,42.59268333,-85.85561667,6,0,1,5
Dumont.Lake,DUM_14,benthic,4@14,42.59323333,-85.8548,8,3,1,4
Dumont.Lake,DUM_15,surface,4@15,42.59343333,-85.85258333,6,2,1,3
Dumont.Lake,DUM_16,surface,4@16,42.5945,-85.85431667,5,2,0,3
Dumont.Lake,DUM_17,surface,4@17,42.59678333,-85.85441667,15,6,3,6
Dumont.Lake,DUM_18,benthic,4@18,42.59705,-85.85483333,10,4,1,5
Dumont.Lake,DUM_19,surface,4@19,42.59716667,-85.85846667,15,4,2,9
Dumont.Lake,DUM_20,benthic,4@20,42.59606667,-85.85816667,1,0,0,1
Dumont.Lake,DUM_21,surface,4@21,42.59535,-85.86141667,5,1,2,2
Dumont.Lake,DUM_22,surface,4@22,42.59413333,-85.86178333,3,0,1,2
Dumont.Lake,DUM_23,benthic,4@23,42.59345,-85.86155,5,0,2,3
Dumont.Lake,DUM_24,surface,4@24,42.5958,-85.86278333,12,1,3,8
Dumont.Lake,DUM_25,surface,4@25,42.59618333,-85.86525,3,0,0,3
Dumont.Lake,DUM_26,surface,4@26,42.59561667,-85.86671667,5,1,1,3
Dumont.Lake,DUM_27,benthic,4@27,42.59561667,-85.86671667,8,2,2,4
Dumont.Lake,DUM_28,surface,4@28,42.5948,-85.86848333,9,0,3,6
Dumont.Lake,DUM_29,surface,4@29,42.59476667,-85.87025,11,0,4,7
Dumont.Lake,DUM_30a,surface,4@30a,42.59431667,-85.87066667,6,0,3,3
Dumont.Lake,DUM_31,benthic,4@31,42.59386667,-85.86978333,5,0,2,3
Dumont.Lake,DUM_33,surface,4@33,42.59288333,-85.87065,10,0,4,5
Dumont.Lake,DUM_34,surface,4@34,42.59165,-85.86978333,10,4,3,3
Dumont.Lake,DUM_35,benthic,4@35,42.59125,-85.86743333,9,1,2,6
Dumont.Lake,DUM_36,surface,4@36,42.59125,-85.86743333,7,2,2,3
Dumont.Lake,DUM_37,surface,4@37,42.5915,-85.86691667,11,2,3,6
Dumont.Lake,DUM_38,benthic,4@38,42.59191667,-85.86645,3,0,1,2
Dumont.Lake,DUM_39,surface,4@39,42.5909,-85.86613333,6,1,2,3
Dumont.Lake,DUM_40,surface,4@40,42.59041667,-85.86495,7,3,1,3
Dumont.Lake,DUM_41,benthic,4@41,42.59041667,-85.86495,7,2,2,3
Dumont.Lake,DUM_42,surface,4@42,42.5913,-85.86385,2,0,0,2
Dumont.Lake,DUM_43,benthic,4@43,42.59071667,-85.8627,1,0,0,1
Dumont.Lake,DUM_44,surface,4@44,42.59048333,-85.86175,3,0,1,2
Dumont.Lake,DUM_45,surface,4@45,42.59233333,-85.86016667,4,0,1,3
Dumont.Lake,DUM_46,benthic,4@46,42.59336667,-85.8604,19,3,7,9
Dumont.Lake,DUM_47,surface,4@47,42.59373333,-85.86078333,6,0,2,4
Dumont.Lake,DUM_48,surface,4@48,42.5944,-85.85831667,7,1,1,5
Dumont.Lake,DUM_49,surface,4@49,42.59221667,-85.85706667,6,1,0,4
Dumont.Lake,DUM_50,benthic,4@50,42.59221667,-85.85706667,3,0,1,2
Five.Channels.Impoundment,FIV_02,surface,8@2,44.46386667,-83.72153333,14,6,1,6
Five.Channels.Impoundment,FIV_03,surface,8@3,44.4637,-83.72156667,14,5,1,8
Five.Channels.Impoundment,FIV_04,benthic,8@4,44.4637,-83.7212,10,6,1,3
Five.Channels.Impoundment,FIV_05,surface,8@5,44.46401667,-83.72101667,11,5,0,6
Five.Channels.Impoundment,FIV_06,surface,8@6,44.46323333,-83.72103333,18,4,2,12
Five.Channels.Impoundment,FIV_07,surface,8@7,44.4642,-83.7181,0,0,0,0
Five.Channels.Impoundment,FIV_08,surface,8@8,44.46475,-83.71611667,17,6,1,10
Five.Channels.Impoundment,FIV_09,surface,8@9,44.46621667,-83.71651667,13,7,0,6
Five.Channels.Impoundment,FIV_10,surface,8@10,44.46793333,-83.71308333,0,0,0,0
Five.Channels.Impoundment,FIV_11,surface,8@11,44.46895,-83.7106,0,0,0,0
Five.Channels.Impoundment,FIV_12,benthic,8@12,44.46895,-83.7106,13,3,0,10
Five.Channels.Impoundment,FIV_13,surface,8@13,44.46813333,-83.70713333,16,5,1,9
Five.Channels.Impoundment,FIV_14,surface,8@14,44.46786667,-83.70646667,10,3,0,7
Five.Channels.Impoundment,FIV_15,benthic,8@15,44.46753333,-83.70718333,8,5,0,3
Five.Channels.Impoundment,FIV_16,surface,8@16,44.4657,-83.71005,15,10,0,4
Five.Channels.Impoundment,FIV_17,surface,8@17,44.46456667,-83.7075,21,6,2,12
Five.Channels.Impoundment,FIV_18,surface,8@18,44.46181667,-83.70816667,13,5,1,7
Five.Channels.Impoundment,FIV_19,benthic,8@19,44.46181667,-83.70816667,17,8,0,9
Five.Channels.Impoundment,FIV_20,surface,8@20,44.4617,-83.70643333,7,4,0,3
Five.Channels.Impoundment,FIV_21,surface,8@21,44.46338333,-83.7056,12,3,0,9
Five.Channels.Impoundment,FIV_22,surface,8@22,44.46265,-83.70235,9,2,0,7
Five.Channels.Impoundment,FIV_23,surface,8@23,44.46373333,-83.69805,11,4,0,6
Five.Channels.Impoundment,FIV_24,benthic,8@24,44.46373333,-83.69805,16,7,1,8
Five.Channels.Impoundment,FIV_25,benthic,8@25,44.46258333,-83.69695,21,7,2,12
Five.Channels.Impoundment,FIV_26,surface,8@26,44.4627,-83.69401667,15,5,2,8
Five.Channels.Impoundment,FIV_27,surface,8@27,44.46133333,-83.69246667,10,3,1,6
Five.Channels.Impoundment,FIV_28,surface,8@28,44.45981667,-83.69415,11,2,0,9
Five.Channels.Impoundment,FIV_29,benthic,8@29,44.45973333,-83.6936,16,6,0,10
Five.Channels.Impoundment,FIV_30,surface,8@30,44.45838333,-83.69351667,12,4,0,8
Five.Channels.Impoundment,FIV_31,surface,8@31,44.45656667,-83.69145,15,7,0,8
Five.Channels.Impoundment,FIV_32,surface,8@32,44.45805,-83.69043333,14,6,0,8
Five.Channels.Impoundment,FIV_33,surface,8@33,44.45868333,-83.68785,0,0,0,0
Five.Channels.Impoundment,FIV_34,benthic,8@34,44.45805,-83.6875,12,6,0,6
Five.Channels.Impoundment,FIV_36,surface,8@36,44.4561,-83.68591667,11,4,0,7
Five.Channels.Impoundment,FIV_37,benthic,8@37,44.45711667,-83.68388333,0,0,0,0
Five.Channels.Impoundment,FIV_38,surface,8@38,44.45931667,-83.68428333,10,3,0,7
Five.Channels.Impoundment,FIV_39,surface,8@39,44.45943333,-83.68171667,14,4,1,8
Five.Channels.Impoundment,FIV_40,surface,8@40,44.45726667,-83.68186667,13,5,2,6
Five.Channels.Impoundment,FIV_41,benthic,8@41,44.45736667,-83.68146667,11,5,0,6
Five.Channels.Impoundment,FIV_42,surface,8@42,44.4566,-83.68095,17,7,2,8
Five.Channels.Impoundment,FIV_43,surface,8@43,44.45503333,-83.6796,11,5,0,6
Five.Channels.Impoundment,FIV_44,benthic,8@44,44.45503333,-83.6796,8,4,0,4
Five.Channels.Impoundment,FIV_45a,surface,8@45a,44.45436667,-83.67816667,0,0,0,0
Five.Channels.Impoundment,FIV_46,surface,8@46,44.45528333,-83.67701667,4,1,0,3
Five.Channels.Impoundment,FIV_47,benthic,8@47,44.45526667,-83.67766667,10,4,0,6
Five.Channels.Impoundment,FIV_48,surface,8@48,44.45611667,-83.67658333,18,9,1,8
Five.Channels.Impoundment,FIV_49,surface,8@49,44.45786667,-83.67846667,0,0,0,0
Five.Channels.Impoundment,FIV_50,benthic,8@50,44.45786667,-83.67846667,0,0,0,0
Fourth.Lake,FOU_02,surface,1@2,41.8878,-84.59381667,9,4,3,2
Fourth.Lake,FOU_03,surface,1@3,41.8874,-84.5921,15,4,4,6
Fourth.Lake,FOU_04,surface,1@4,41.88681667,-84.59228333,7,3,2,2
Fourth.Lake,FOU_05,surface,1@5,41.88581667,-84.59216667,3,2,1,0
Fourth.Lake,FOU_06,surface,1@6,41.88585,-84.59276667,8,3,3,2
Fourth.Lake,FOU_07,surface,1@7,41.88631667,-84.59333333,8,2,2,4
Fourth.Lake,FOU_08,surface,1@8,41.88501667,-84.59385,10,3,2,5
Fourth.Lake,FOU_09,surface,1@9,41.88448333,-84.59453333,0,0,0,0
Fourth.Lake,FOU_10,surface,1@10,41.8843,-84.59525,11,3,2,6
Fourth.Lake,FOU_11,surface,1@11,41.88498333,-84.5954,6,1,3,2
Fourth.Lake,FOU_12,surface,1@12,41.88481667,-84.59685,6,1,3,2
Fourth.Lake,FOU_13,surface,1@13,41.88486667,-84.5979,5,1,1,3
Fourth.Lake,FOU_14,surface,1@14,41.88485,-84.59873333,13,2,7,4
Fourth.Lake,FOU_15,surface,1@15,41.88526667,-84.59873333,6,1,3,2
Fourth.Lake,FOU_16,surface,1@16,41.88566667,-84.59941667,5,1,2,2
Fourth.Lake,FOU_17,surface,1@17,41.88635,-84.59955,17,2,8,7
Fourth.Lake,FOU_18,surface,1@18,41.88726667,-84.59843333,8,2,4,2
Fourth.Lake,FOU_19,surface,1@19,41.8874,-84.59728333,6,2,3,1
Fourth.Lake,FOU_20,surface,1@20,41.88705,-84.59698333,6,2,2,2
Fourth.Lake,FOU_21,surface,1@21,41.88633333,-84.597,7,2,2,3
Fourth.Lake,FOU_22,surface,1@22,41.8855,-84.59716667,5,1,2,2
Fourth.Lake,FOU_23,surface,1@23,41.88713333,-84.5956,8,1,4,3
Fourth.Lake,FOU_24,surface,1@24,41.88736667,-84.59525,13,4,5,4
Fourth.Lake,FOU_25,surface,1@25,41.88761667,-84.59443333,6,1,1,4
Fourth.Lake,FOU_27,surface,1@27,41.88683333,-84.59323333,2,1,0,1
Fourth.Lake,FOU_28,surface,1@28,41.886,-84.59438333,3,1,1,1
Fourth.Lake,FOU_29,benthic,1@29,41.88553333,-84.59868333,3,1,1,1
Fourth.Lake,FOU_30,benthic,1@30,41.88495,-84.59728333,1,1,0,0
Fourth.Lake,FOU_31,benthic,1@31,41.88535,-84.59721667,2,1,0,1
Fourth.Lake,FOU_32,benthic,1@32,41.88721667,-84.59853333,4,1,1,2
Fourth.Lake,FOU_33,benthic,1@33,41.88703333,-84.59673333,4,3,0,1
Fourth.Lake,FOU_34,benthic,1@34,41.88683333,-84.596,1,1,0,0
Fourth.Lake,FOU_35,benthic,1@35,41.88461667,-84.59545,5,2,2,1
Fourth.Lake,FOU_36,benthic,1@36,41.88431667,-84.59505,7,3,2,2
Fourth.Lake,FOU_37,benthic,1@37,41.8852,-84.59396667,5,3,1,1
Fourth.Lake,FOU_38,benthic,1@38,41.88691667,-84.59288333,5,3,1,1
Fourth.Lake,FOU_39,benthic,1@39,41.88746667,-84.5939,2,2,0,0
Fourth.Lake,FOU_40,benthic,1@40,41.88748333,-84.5946,3,1,0,2
Lake.George,GEO_04,surface,1@2@T1@4,43.96201667,-84.94508333,3,1,0,2
Lake.George,GEO_05,surface,1@2@1@5,43.96061667,-84.94363333,2,1,0,1
Lake.George,GEO_06,surface,1@2@T1@6,43.96075,-84.9428,10,4,1,5
Lake.George,GEO_07,surface,1@2@1@7,43.95973333,-84.94245,6,4,0,2
Lake.George,GEO_08,benthic,1@2@1@8,43.95963333,-84.94205,3,2,0,1
Lake.George,GEO_09,surface,1@2@1@9,43.95841667,-84.94205,4,1,1,2
Lake.George,GEO_10,benthic,1@2@1@10,43.95836667,-84.94103333,5,2,0,3
Lake.George,GEO_11,surface,1@2@1@11,43.95645,-84.9402,6,2,1,3
Lake.George,GEO_12,surface,1@2@1@12,43.95471667,-84.9377,7,3,0,3
Lake.George,GEO_13,benthic,1@2@1@13,43.9534,-84.93666667,7,3,0,4
Lake.George,GEO_14,surface,1@2@1@14,43.95366667,-84.93298333,11,5,3,2
Lake.George,GEO_15,benthic,1@2@1@15,43.95423333,-84.93255,9,5,1,3
Lake.George,GEO_16,surface,1@2@T1@16,43.95243333,-84.9288,11,5,2,4
Lake.George,GEO_17,surface,1@2@1@17,43.95025,-84.928,6,4,0,1
Lake.George,GEO_18,benthic,1@2@1@18,43.95008333,-84.9267,5,3,0,2
Lake.George,GEO_19,surface,1@2@M1@19,43.94883333,-84.92685,6,1,2,2
Lake.George,GEO_22,surface,1@2@1@22,43.94706667,-84.92708333,4,1,0,2
Lake.George,GEO_24,surface,1@2@1@24,43.9458,-84.92601667,12,5,1,5
Lake.George,GEO_25,benthic,1@2@1@25,43.94593333,-84.92596667,7,3,1,2
Lake.George,GEO_26,surface,1@2@1@26,43.94423333,-84.92431667,0,0,0,0
Lake.George,GEO_27,surface,1@2@T1@27,43.9436,-84.9222,9,2,1,5
Lake.George,GEO_28,benthic,1@2@1@28,43.9437,-84.9216,8,6,1,1
Lake.George,GEO_29,surface,1@2@O1@29,43.94346667,-84.91935,0,0,0,0
Lake.George,GEO_31,benthic,1@2@1@31,43.94558333,-84.92318333,13,8,0,5
Lake.George,GEO_33,benthic,1@2@B1@33,43.94873333,-84.92513333,13,7,2,4
Lake.George,GEO_35,surface,1@2@1@35,43.95048333,-84.92541667,8,2,2,4
Lake.George,GEO_36,surface,1@2@T1@36,43.95205,-84.92626667,6,5,0,1
Lake.George,GEO_37,surface,1@2@O1@37,43.9535,-84.92846667,2,1,1,0
Lake.George,GEO_38,benthic,1@2@1@38,43.9538,-84.92996667,11,6,2,2
Lake.George,GEO_39,surface,1@2@1@39,43.95461667,-84.93455,3,2,0,1
Lake.George,GEO_40,benthic,1@2@1@40,43.95626667,-84.93795,6,4,0,2
Lake.George,GEO_41,surface,1@2@1@41,43.95798333,-84.93895,5,2,1,2
Lake.George,GEO_42,surface,1@2@T1@42,43.95896667,-84.94041667,11,4,0,6
Lake.George,GEO_43,benthic,1@2@1@43,43.96006667,-84.94123333,10,5,1,4
Lake.George,GEO_44,benthic,1@2@1@44,43.96151667,-84.94241667,11,4,3,3
Lake.George,GEO_46,surface,1@2@1@46,43.96305,-84.94443333,3,2,0,1
Haithco.Lake,HAI_02,surface,3@2,43.46801667,-83.95721667,15,3,3,8
Haithco.Lake,HAI_03,surface,3@3,43.46768333,-83.95715,14,3,3,8
Haithco.Lake,HAI_04,benthic,3@4,43.46766667,-83.95718333,11,5,2,4
Haithco.Lake,HAI_05,surface,3@5,43.46698333,-83.9571,20,5,5,9
Haithco.Lake,HAI_06,surface,3@6,43.46643333,-83.9571,4,2,0,2
Haithco.Lake,HAI_07,surface,3@7,43.46633333,-83.95738333,8,2,2,3
Haithco.Lake,HAI_08,surface,3@8,43.46613333,-83.95808333,11,4,2,4
Haithco.Lake,HAI_09,benthic,3@9,43.46613333,-83.95808333,5,2,0,3
Haithco.Lake,HAI_10,surface,3@10,43.46593333,-83.959,18,5,4,8
Haithco.Lake,HAI_11,surface,3@11,43.46603333,-83.96003333,19,5,4,10
Haithco.Lake,HAI_12,surface,3@12,43.46636667,-83.95941667,7,1,1,5
Haithco.Lake,HAI_13,surface,3@13,43.46693333,-83.96003333,8,4,1,3
Haithco.Lake,HAI_14,benthic,3@14,43.46693333,-83.95985,10,3,3,4
Haithco.Lake,HAI_15,surface,3@15,43.46716667,-83.96106667,15,4,3,8
Haithco.Lake,HAI_17,surface,3@17,43.46741667,-83.96161667,26,5,6,14
Haithco.Lake,HAI_18,benthic,3@18,43.46775,-83.9616,14,5,2,7
Haithco.Lake,HAI_19,surface,3@19,43.4683,-83.96158333,20,5,5,9
Haithco.Lake,HAI_20,surface,3@20,43.46935,-83.96163333,23,5,3,14
Haithco.Lake,HAI_21,benthic,3@21,43.46946667,-83.96145,3,3,0,0
Haithco.Lake,HAI_22,surface,3@22,43.46988333,-83.96155,14,5,1,8
Haithco.Lake,HAI_23,surface,3@23,43.47035,-83.9601,12,3,1,6
Haithco.Lake,HAI_24,benthic,3@24,43.47035,-83.9601,5,3,1,1
Haithco.Lake,HAI_25,surface,3@25,43.4702,-83.95908333,14,4,4,4
Haithco.Lake,HAI_26,surface,3@26,43.47005,-83.95853333,15,5,3,6
Haithco.Lake,HAI_27,surface,3@27,43.46953333,-83.95861667,7,2,0,4
Haithco.Lake,HAI_28,surface,3@28,43.4689,-83.95716667,20,3,4,11
Haithco.Lake,HAI_29,benthic,3@29,43.4689,-83.95716667,2,1,0,1
Haithco.Lake,HAI_30,surface,3@30,43.46823333,-83.95816667,6,1,1,4
Haithco.Lake,HAI_31,benthic,3@31,43.46823333,-83.95816667,1,1,0,0
Haithco.Lake,HAI_32,surface,3@32,43.46861667,-83.95981667,4,2,0,2
Haithco.Lake,HAI_33,benthic,3@33,43.46861667,-83.95981667,7,2,1,4
Haithco.Lake,HAI_34,surface,3@34,43.46836667,-83.95716667,16,3,3,8
Haithco.Lake,HAI_35,surface,3@35,43.46986667,-83.95751667,17,5,3,9
Haithco.Lake,HAI_36,benthic,3@36,43.46986667,-83.95751667,9,4,3,2
Higgins.Lake,HIG_01,surface,HIG@01,44.43498,-84.672618,2,0,0,2
Higgins.Lake,HIG_02,surface,HIG@02,44.440072,-84.682034,0,0,0,0
Higgins.Lake,HIG_03,surface,HIG@03,44.446922,-84.696956,4,2,0,2
Higgins.Lake,HIG_04,benthic,HIG@04,44.447577,-84.697026,3,2,0,1
Higgins.Lake,HIG_05,surface,HIG@05,44.464755,-84.688847,3,0,0,3
Higgins.Lake,HIG_06,surface,HIG@06,44.467459,-84.690935,2,0,0,2
Higgins.Lake,HIG_07,benthic,HIG@07,44.456292,-84.708779,3,1,0,2
Higgins.Lake,HIG_08,benthic,HIG@08,44.466076,-84.70771,3,1,0,2
Higgins.Lake,HIG_09,surface,HIG@09,44.469731,-84.706594,3,0,0,3
Higgins.Lake,HIG_10,surface,HIG@10,44.471768,-84.710567,3,0,0,2
Higgins.Lake,HIG_11,benthic,HIG@11,44.473396,-84.718353,2,0,0,1
Higgins.Lake,HIG_13,surface,HIG@13,44.474839,-84.720782,4,1,0,3
Higgins.Lake,HIG_14,benthic,HIG@14,44.478935,-84.736828,3,0,0,3
Higgins.Lake,HIG_15,surface,HIG@15,44.48766,-84.745328,1,0,0,1
Higgins.Lake,HIG_16,benthic,HIG@16,44.466976,-84.743915,4,2,0,2
Higgins.Lake,HIG_17,surface,HIG@17,44.465481,-84.742374,4,0,0,4
Higgins.Lake,HIG_18,benthic,HIG@18,44.467682,-84.769693,8,1,2,4
Higgins.Lake,HIG_19,surface,HIG@19,44.47628,-84.769245,5,2,0,3
Higgins.Lake,HIG_20,surface,HIG@20,44.479733,-84.778331,2,0,0,2
Higgins.Lake,HIG_21,benthic,HIG@21,44.486911,-84.774742,3,1,0,2
Higgins.Lake,HIG_22,surface,HIG@22,44.49707,-84.775593,2,0,0,2
Higgins.Lake,HIG_23,surface,HIG@23,44.500588,-84.773207,1,0,0,1
Higgins.Lake,HIG_24,surface,HIG@24,44.503753,-84.771456,2,0,0,2
Higgins.Lake,HIG_25,benthic,HIG@25,44.502724,-84.770504,1,1,0,0
Higgins.Lake,HIG_26,benthic,HIG@26,44.511147,-84.760623,2,2,0,0
Higgins.Lake,HIG_27,surface,HIG@27,44.50219,-84.764685,1,0,0,1
Higgins.Lake,HIG_30,surface,HIG@30,44.494125,-84.753306,1,0,0,1
Higgins.Lake,HIG_31,surface,HIG@31,44.509998,-84.745937,0,0,0,0
Higgins.Lake,HIG_32,surface,HIG@32,44.493212,-84.740044,1,0,0,1
Higgins.Lake,HIG_33,surface,HIG@33,44.480766,-84.731095,4,1,0,3
Higgins.Lake,HIG_34,surface,HIG@34,44.484381,-84.727091,2,0,0,2
Higgins.Lake,HIG_35,surface,HIG@35,44.486568,-84.729653,3,0,0,3
Higgins.Lake,HIG_36,benthic,HIG@36,44.495785,-84.723685,1,0,0,1
Higgins.Lake,HIG_37,surface,HIG@37,44.481595,-84.719949,1,0,0,1
Higgins.Lake,HIG_38,benthic,HIG@38,44.494733,-84.702033,2,0,0,2
Higgins.Lake,HIG_39,surface,HIG@39,44.472384,-84.706791,0,0,0,0
Higgins.Lake,HIG_40,surface,HIG@40,44.476744,-84.701901,3,0,0,3
Higgins.Lake,HIG_41,benthic,HIG@41,44.47452,-84.698103,2,0,0,2
Higgins.Lake,HIG_42,benthic,HIG@42,44.460487,-84.679764,3,1,0,2
Higgins.Lake,HIG_43,surface,HIG@43,44.452619,-84.675203,0,0,0,0
Higgins.Lake,HIG_44,surface,HIG@44,44.445451,-84.67574,2,0,0,2
Higgins.Lake,HIG_45,surface,HIG@45,44.439477,-84.675716,1,0,0,1
Higgins.Lake,HIG_46,surface,HIG@46,44.434262,-84.676727,6,2,0,4
Higgins.Lake,HIG_47,surface,HIG@47,44.431514,-84.678787,2,0,0,1
Higgins.Lake,HIG_48,surface,HIG@48,44.430513,-84.680077,2,1,0,1
Higgins.Lake,HIG_49,surface,HIG@49,44.434832,-84.697904,1,0,0,1
Higgins.Lake,HIG_50,surface,HIG@50,44.433437,-84.69753,1,1,0,0
Higgins.Lake,HIG_51,surface,HIG@51,44.437846,-84.702912,1,0,0,1
Higgins.Lake,HIG_52,benthic,HIG@52,44.431462,-84.700686,2,1,0,1
Higgins.Lake,HIG_53,surface,HIG@53,44.42676,-84.698391,4,0,0,4
Higgins.Lake,HIG_54,surface,HIG@54,44.427159,-84.686757,1,0,0,1
Higgins.Lake,HIG_55,surface,HIG@55,44.42588,-84.680862,0,0,0,0
Holloway.Reservoir,HOL_02a,surface,5@2a,43.1138,-83.47293333,11,1,1,9
Holloway.Reservoir,HOL_03a,benthic,5@3a,43.11365,-83.4704,8,1,3,4
Holloway.Reservoir,HOL_04a,surface,5@4a,43.11265,-83.47001667,13,2,2,9
Holloway.Reservoir,HOL_05a,surface,5@5a,43.11138333,-83.46418333,9,1,2,6
Holloway.Reservoir,HOL_06a,benthic,5@6a,43.1118,-83.46403333,8,0,1,7
Holloway.Reservoir,HOL_07a,surface,5@7a,43.10933333,-83.45913333,9,0,1,7
Holloway.Reservoir,HOL_08,surface,5@8,43.10858333,-83.46051667,16,2,3,10
Holloway.Reservoir,HOL_09,benthic,5@9,43.11288333,-83.45725,11,1,3,7
Holloway.Reservoir,HOL_10,surface,5@10,43.10978333,-83.45308333,19,2,2,14
Holloway.Reservoir,HOL_11,surface,5@11,43.1114,-83.45105,15,1,2,12
Holloway.Reservoir,HOL_12a,surface,5@12a,43.11096667,-83.44411667,11,1,1,8
Holloway.Reservoir,HOL_13,benthic,5@13,43.1123,-83.44483333,14,1,2,11
Holloway.Reservoir,HOL_14a,surface,5@14a,43.11291667,-83.44065,13,0,2,10
Holloway.Reservoir,HOL_15a,surface,5@15a,43.11566667,-83.44416667,10,0,2,8
Holloway.Reservoir,HOL_16a,surface,5@16a,43.11813333,-83.4427,16,1,2,12
Holloway.Reservoir,HOL_17a,benthic,5@17a,43.11853333,-83.44165,18,1,6,11
Holloway.Reservoir,HOL_18a,surface,5@18a,43.11721667,-83.4379,14,1,2,11
Holloway.Reservoir,HOL_19a,benthic,5@19a,43.11935,-83.4348,22,2,5,15
Holloway.Reservoir,HOL_20a,surface,5@20a,43.11971667,-83.43156667,17,1,3,13
Holloway.Reservoir,HOL_21a,surface,5@21a,43.12308333,-83.43,15,1,2,12
Holloway.Reservoir,HOL_22a,benthic,5@22a,43.1234,-83.43125,16,2,4,10
Holloway.Reservoir,HOL_24a,surface,5@24a,43.127,-83.43261667,8,1,0,7
Holloway.Reservoir,HOL_25a,benthic,5@25a,43.12655,-83.43328333,11,1,4,6
Holloway.Reservoir,HOL_26a,surface,5@26a,43.12745,-83.43453333,10,0,1,8
Holloway.Reservoir,HOL_27a,surface,5@27a,43.12988333,-83.43238333,17,1,4,12
Holloway.Reservoir,HOL_28a,surface,5@28a,43.13245,-83.43156667,15,1,2,11
Holloway.Reservoir,HOL_29a,surface,5@29a,43.13546667,-83.42653333,21,2,2,16
Holloway.Reservoir,HOL_30a,benthic,5@30a,43.13736667,-83.42751667,10,1,4,5
Holloway.Reservoir,HOL_31a,surface,5@31a,43.13858333,-83.4249,17,1,1,13
Holloway.Reservoir,HOL_32a,surface,5@32a,43.13566667,-83.42101667,4,0,1,3
Holloway.Reservoir,HOL_33a,benthic,5@33a,43.13988333,-83.42128333,18,1,4,13
Holloway.Reservoir,HOL_34a,surface,5@34a,43.14073333,-83.42205,13,0,2,11
Holloway.Reservoir,HOL_35a,surface,5@35a,43.14743333,-83.4204,19,0,3,15
Holloway.Reservoir,HOL_36a,benthic,5@36a,43.14788333,-83.41916667,30,3,10,17
Holloway.Reservoir,HOL_37a,surface,5@37a,43.1525,-83.41925,20,2,7,11
Holloway.Reservoir,HOL_38a,surface,5@38a,43.15535,-83.41845,27,3,9,15
Holloway.Reservoir,HOL_39a,surface,5@39a,43.1568,-83.41631667,12,1,2,9
Holloway.Reservoir,HOL_40a,surface,5@40a,43.15871667,-83.41611667,26,1,8,17
Holloway.Reservoir,HOL_41a,benthic,5@41a,43.15791667,-83.41568333,22,1,10,11
Holloway.Reservoir,HOL_42a,surface,5@42a,43.15345,-83.41438333,23,1,9,13
Holloway.Reservoir,HOL_43a,benthic,5@43a,43.15265,-83.4145,27,2,7,18
Holloway.Reservoir,HOL_44a,surface,5@44a,43.14918333,-83.41471667,21,2,6,13
Holloway.Reservoir,HOL_45a,surface,5@45a,43.14595,-83.41676667,9,1,3,5
Holloway.Reservoir,HOL_46a,benthic,5@46a,43.14595,-83.41676667,23,2,6,15
Holloway.Reservoir,HOL_47a,surface,5@47a,43.14185,-83.4157,19,2,3,12
Houghton.Lake,HOU_10,surface,HOU@10,44.307373,-84.703214,5,1,0,4
Houghton.Lake,HOU_11,benthic,HOU@11,44.305533,-84.665534,8,4,0,4
Houghton.Lake,HOU_12,surface,HOU@12,44.302952,-84.658115,3,2,0,1
Houghton.Lake,HOU_13,benthic,HOU@13,44.301023,-84.65247,5,1,0,4
Houghton.Lake,HOU_14,surface,HOU@14,44.300521,-84.65127,4,1,1,2
Houghton.Lake,HOU_15,surface,HOU@15,44.302942,-84.645959,3,2,0,0
Houghton.Lake,HOU_16,surface,HOU@16,44.305515,-84.642353,5,2,1,2
Houghton.Lake,HOU_17,surface,HOU@17,44.307302,-84.642246,2,0,0,2
Houghton.Lake,HOU_18,surface,HOU@18,44.321698,-84.641162,7,6,0,1
Houghton.Lake,HOU_19,surface,HOU@19,44.324151,-84.636892,8,3,1,4
Houghton.Lake,HOU_20,benthic,HOU@20,44.32176,-84.63933,8,4,1,3
Houghton.Lake,HOU_21,benthic,HOU@21,44.318833,-84.645105,4,2,0,2
Houghton.Lake,HOU_22,surface,HOU@22,44.31665,-84.646576,3,0,0,3
Houghton.Lake,HOU_23,surface,HOU@23,44.321681,-84.652311,1,0,0,1
Houghton.Lake,HOU_24,benthic,HOU@24,44.327802,-84.656433,1,1,0,0
Houghton.Lake,HOU_25,surface,HOU@25,44.339128,-84.6635,3,3,0,0
Houghton.Lake,HOU_26,benthic,HOU@26,44.33716,-84.66484,1,1,0,0
Houghton.Lake,HOU_27,surface,HOU@27,44.334621,-84.663034,4,0,1,3
Houghton.Lake,HOU_28,surface,HOU@28,44.308011,-84.662792,6,1,1,4
Houghton.Lake,HOU_29,benthic,HOU@29,44.308255,-84.662981,1,1,0,0
Houghton.Lake,HOU_30,surface,HOU@30,44.313355,-84.689248,1,0,0,1
Houghton.Lake,HOU_31,benthic,HOU@31,44.316693,-84.703111,4,0,0,3
Houghton.Lake,HOU_32,surface,HOU@32,44.327737,-84.708223,1,0,1,0
Houghton.Lake,HOU_33,benthic,HOU@33,44.35889,-84.68891,3,3,0,0
Houghton.Lake,HOU_34,surface,HOU@34,44.359742,-84.686375,4,4,0,0
Houghton.Lake,HOU_35,benthic,HOU@35,44.362636,-84.698216,3,0,1,2
Houghton.Lake,HOU_36,surface,HOU@36,44.373614,-84.710702,0,0,0,0
Houghton.Lake,HOU_38,surface,HOU@38,44.337676,-84.74845,1,0,0,1
Houghton.Lake,HOU_40,surface,HOU@40,44.345643,-84.783272,2,1,0,1
Houghton.Lake,HOU_41,surface,HOU@41,44.37113,-84.792956,1,1,0,0
Houghton.Lake,HOU_42,benthic,HOU@42,44.37432,-84.779547,3,1,0,2
Houghton.Lake,HOU_43,surface,HOU@43,44.373204,-84.769256,4,2,1,1
Houghton.Lake,HOU_44,benthic,HOU@44,44.388803,-84.780342,1,0,0,1
Houghton.Lake,HOU_45,benthic,HOU@45,44.390819,-84.762396,0,0,0,0
Houghton.Lake,HOU_46,benthic,HOU@46,44.381788,-84.754627,3,1,0,2
Houghton.Lake,HOU_47,benthic,HOU@47,44.372305,-84.750376,0,0,0,0
Houghton.Lake,HOU_48,benthic,HOU@48,44.392426,-84.755005,4,1,0,3
Houghton.Lake,HOU_49,surface,HOU@49,44.398748,-84.759373,5,4,0,1
Houghton.Lake,HOU_50,surface,HOU@50,44.400188,-84.770143,1,0,0,1
Houghton.Lake,HOU_51,surface,HOU@51,44.399511,-84.789255,1,1,0,0
Houghton.Lake,HOU_52,surface,HOU@52,44.399151,-84.791114,5,4,0,1
Houghton.Lake,HOU_53,surface,HOU@53,44.393694,-84.793782,2,1,0,1
Houghton.Lake,HOU_54,surface,HOU@54,44.380707,-84.795757,1,0,1,0
Houghton.Lake,HOU_55,surface,HOU@55,44.371244,-84.797947,3,1,0,2
Houghton.Lake,HOU_56,surface,HOU@56,44.363373,-84.791996,1,0,0,1
Houghton.Lake,HOU_57,surface,HOU@57,44.353346,-84.791545,1,0,0,1
Houghton.Lake,HOU_58,surface,HOU@58,44.345595,-84.791576,1,0,0,1
Houghton.Lake,HOU_60,surface,HOU@60,44.341527,-84.792432,13,6,2,5
Kimball.Lake,KIM_01,surface,KIM@01,43.45585,-85.82083333,4,0,1,3
Kimball.Lake,KIM_02,benthic,KIM@02,43.4561,-85.82196667,9,5,2,2
Kimball.Lake,KIM_03,surface,KIM@03,43.4545,-85.82263333,10,6,1,3
Kimball.Lake,KIM_04,surface,KIM@04,43.45486667,-85.82373333,12,4,2,6
Kimball.Lake,KIM_05,benthic,KIM@05,43.45436667,-85.82506667,9,4,2,3
Kimball.Lake,KIM_06,surface,KIM@06,43.45345,-85.82621667,8,4,2,2
Kimball.Lake,KIM_07,surface,KIM@07,43.45378333,-85.82758333,11,6,1,4
Kimball.Lake,KIM_08,benthic,KIM@08,43.45323333,-85.82766667,8,5,1,2
Kimball.Lake,KIM_09,surface,KIM@09,43.45246667,-85.82931667,4,1,0,3
Kimball.Lake,KIM_10,surface,KIM@10,43.45191667,-85.83075,9,4,1,4
Kimball.Lake,KIM_11,surface,KIM@11,43.45313333,-85.83033333,10,3,2,5
Kimball.Lake,KIM_12,benthic,KIM@12,43.45406667,-85.8296,1,0,0,1
Kimball.Lake,KIM_13,surface,KIM@13,43.45391667,-85.83168333,11,5,3,3
Kimball.Lake,KIM_14,surface,KIM@14,43.45493333,-85.83088333,7,1,2,4
Kimball.Lake,KIM_15,surface,KIM@15,43.45605,-85.83265,13,4,2,7
Kimball.Lake,KIM_16,surface,KIM@16,43.4566,-85.8313,8,2,1,5
Kimball.Lake,KIM_17,benthic,KIM@17,43.45648333,-85.8299,6,4,0,2
Kimball.Lake,KIM_18,surface,KIM@18,43.45591667,-85.82863333,11,3,1,7
Kimball.Lake,KIM_19,surface,KIM@19,43.45493333,-85.82811667,5,2,0,3
Kimball.Lake,KIM_20,surface,KIM@20,43.45726667,-85.82806667,9,4,0,5
Kimball.Lake,KIM_21,benthic,KIM@21,43.45668333,-85.82695,4,2,0,2
Kimball.Lake,KIM_22,surface,KIM@22,43.45586667,-85.82586667,4,0,1,3
Kimball.Lake,KIM_23,surface,KIM@23,43.45666667,-85.82411667,7,3,0,4
Kimball.Lake,KIM_24,benthic,KIM@24,43.4575,-85.82455,8,4,0,4
Kimball.Lake,KIM_25,surface,KIM@25,43.4585,-85.82428333,20,5,5,10
Kimball.Lake,KIM_26,surface,KIM@26,43.45943333,-85.82298333,13,1,4,8
Kimball.Lake,KIM_27,benthic,KIM@27,43.46043333,-85.82313333,12,3,1,8
Kimball.Lake,KIM_28,surface,KIM@28,43.4617,-85.82486667,9,0,2,7
Kimball.Lake,KIM_29,surface,KIM@29,43.4627,-85.82316667,9,3,2,4
Kimball.Lake,KIM_30,surface,KIM@30,43.4578,-85.8227,10,3,1,6
Long.Lake,LON_05,surface,LON@05,41.88027,-84.794167,13,3,4,6
Long.Lake,LON_06,surface,LON@06,41.8809,-84.794233,3,0,1,2
Long.Lake,LON_07,surface,LON@07,41.88043,-84.794933,6,1,3,2
Long.Lake,LON_08,benthic,LON@08,41.88142,-84.795567,6,2,0,4
Long.Lake,LON_09,surface,LON@09,41.88217,-84.792617,10,3,3,4
Long.Lake,LON_11,surface,LON@11,41.88137,-84.791767,7,2,3,2
Long.Lake,LON_12,surface,LON@12,41.88038,-84.7929,5,0,2,3
Long.Lake,LON_13,surface,LON@13,41.87865,-84.7921,10,3,3,4
Long.Lake,LON_14,benthic,LON@14,41.879,-84.7939,10,4,2,4
Long.Lake,LON_15,surface,LON@15,41.8778,-84.793683,5,1,2,2
Long.Lake,LON_16,surface,LON@16,41.87727,-84.79205,2,0,0,2
Long.Lake,LON_17,surface,LON@17,41.87488,-84.792233,10,2,2,6
Long.Lake,LON_18,benthic,LON@18,41.87487,-84.794367,27,2,7,18
Long.Lake,LON_19,surface,LON@19,41.87318,-84.792033,8,0,4,4
Long.Lake,LON_20,surface,LON@20,41.87212,-84.7905,3,0,2,1
Long.Lake,LON_21,surface,LON@21,41.86955,-84.789667,8,1,4,3
Long.Lake,LON_23,surface,LON@23,41.87117,-84.791733,4,0,2,2
Long.Lake,LON_25,surface,LON@25,41.8717,-84.796467,5,0,2,3
Long.Lake,LON_26,surface,LON@26,41.8704,-84.7953,4,0,2,2
Long.Lake,LON_27,surface,LON@27,41.86865,-84.794667,9,1,2,6
Long.Lake,LON_29,surface,LON@29,41.86505,-84.791267,5,1,1,3
Long.Lake,LON_30,surface,LON@30,41.86382,-84.792483,9,2,4,3
Long.Lake,LON_31,surface,LON@31,41.86283,-84.791133,5,1,2,2
Long.Lake,LON_32,benthic,LON@32,41.86228,-84.793217,29,5,8,15
Long.Lake,LON_33,surface,LON@33,41.86153,-84.793333,6,1,3,2
Long.Lake,LON_34,surface,LON@34,41.86005,-84.79135,10,1,3,6
Long.Lake,LON_35,benthic,LON@35,41.85865,-84.793317,11,4,2,4
Long.Lake,LON_36,benthic,LON@36,41.85852,-84.79515,13,3,3,7
Long.Lake,LON_37,surface,LON@37,41.86043,-84.794317,7,1,3,3
Long.Lake,LON_38,surface,LON@38,41.86272,-84.795,4,0,2,2
Long.Lake,LON_39,benthic,LON@39,41.86483,-84.79475,6,1,2,3
Long.Lake,LON_40,surface,LON@40,41.86833,-84.79655,8,1,4,3
Long.Lake,LON_41,benthic,LON@41,41.87107,-84.797583,27,8,7,12
Long.Lake,LON_42,surface,LON@42,41.87248,-84.797117,11,3,2,6
Long.Lake,LON_43,surface,LON@43,41.87445,-84.797067,5,0,1,4
Long.Lake,LON_44,benthic,LON@44,41.87578,-84.7959,4,0,1,3
Long.Lake,LON_45,surface,LON@45,41.8781,-84.79495,7,0,4,3
Big.Manistique,MAN_01,surface,MAN@01,46.217606,-85.808142,0,0,0,0
Big.Manistique,MAN_02,surface,MAN@02,46.228358,-85.789775,1,0,0,1
Big.Manistique,MAN_03,benthic,MAN@03,46.230628,-85.789795,0,0,0,0
Big.Manistique,MAN_04,surface,MAN@04,46.234453,-85.786205,4,0,0,4
Big.Manistique,MAN_05,surface,MAN@05,46.231737,-85.766491,2,0,0,2
Big.Manistique,MAN_06,benthic,MAN@06,46.225314,-85.760382,1,0,0,1
Big.Manistique,MAN_07,surface,MAN@07,46.21622,-85.751349,5,0,2,3
Big.Manistique,MAN_08,benthic,MAN@08,46.216071,-85.747401,3,0,1,2
Big.Manistique,MAN_09,surface,MAN@09,46.227809,-85.749389,2,1,0,1
Big.Manistique,MAN_10,benthic,MAN@10,46.227398,-85.746788,3,0,0,3
Big.Manistique,MAN_11,surface,MAN@11,46.230746,-85.742907,2,0,0,2
Big.Manistique,MAN_12,surface,MAN@12,46.224978,-85.732572,5,2,0,3
Big.Manistique,MAN_13,surface,MAN@13,46.21851,-85.726892,5,2,0,2
Big.Manistique,MAN_14,benthic,MAN@14,46.230304,-85.726898,2,0,1,1
Big.Manistique,MAN_15,surface,MAN@15,46.23038,-85.726241,3,0,0,3
Big.Manistique,MAN_16,surface,MAN@16,46.236959,-85.737538,3,0,0,3
Big.Manistique,MAN_17,benthic,MAN@17,46.240546,-85.733674,0,0,0,0
Big.Manistique,MAN_18,surface,MAN@18,46.251025,-85.727811,1,0,0,1
Big.Manistique,MAN_19,benthic,MAN@19,46.261002,-85.730744,3,2,0,1
Big.Manistique,MAN_20,surface,MAN@20,46.262059,-85.731112,0,0,0,0
Big.Manistique,MAN_21,surface,MAN@21,46.26863,-85.719332,0,0,0,0
Big.Manistique,MAN_22,surface,MAN@22,46.265854,-85.730529,5,1,0,4
Big.Manistique,MAN_23,benthic,MAN@23,46.266381,-85.733469,2,0,0,2
Big.Manistique,MAN_24,surface,MAN@24,46.264518,-85.73544,0,0,0,0
Big.Manistique,MAN_25,surface,MAN@25,46.245891,-85.738098,0,0,0,0
Big.Manistique,MAN_26,surface,MAN@26,46.253844,-85.744656,3,0,1,2
Big.Manistique,MAN_27,surface,MAN@27,46.239629,-85.76334,2,0,2,0
Big.Manistique,MAN_28,benthic,MAN@28,46.241026,-85.762733,2,0,0,2
Big.Manistique,MAN_29,surface,MAN@29,46.241181,-85.757588,0,0,0,0
Big.Manistique,MAN_30,surface,MAN@30,46.241113,-85.752093,1,0,0,1
Big.Manistique,MAN_31,benthic,MAN@31,46.244245,-85.763755,1,0,0,1
Big.Manistique,MAN_32,surface,MAN@32,46.244356,-85.767769,2,0,1,1
Big.Manistique,MAN_33,surface,MAN@33,46.241958,-85.776641,0,0,0,0
Big.Manistique,MAN_34,surface,MAN@34,46.229059,-85.79828,4,0,0,3
Big.Manistique,MAN_35,surface,MAN@35,46.222835,-85.806825,0,0,0,0
Big.Manistique,MAN_36,surface,MAN@36,46.244532,-85.797732,2,0,0,2
Big.Manistique,MAN_37,surface,MAN@37,46.250249,-85.788992,2,0,1,1
Big.Manistique,MAN_38,benthic,MAN@38,46.253156,-85.803812,0,0,0,0
Big.Manistique,MAN_39,surface,MAN@39,46.254733,-85.806704,0,0,0,0
Big.Manistique,MAN_40,benthic,MAN@40,46.264008,-85.817643,2,0,1,1
Big.Manistique,MAN_41,surface,MAN@41,46.261899,-85.819507,1,0,0,1
Big.Manistique,MAN_42,surface,MAN@42,46.25808,-85.842294,1,0,0,1
Big.Manistique,MAN_43,surface,MAN@43,46.256177,-85.841028,0,0,0,0
Big.Manistique,MAN_44,surface,MAN@44,46.246644,-85.850738,1,0,0,1
Big.Manistique,MAN_45,benthic,MAN@45,46.254845,-85.835997,0,0,0,0
Big.Manistique,MAN_46,surface,MAN@46,46.248662,-85.835718,3,0,0,2
Big.Manistique,MAN_47,surface,MAN@47,46.240968,-85.833456,0,0,0,0
Big.Manistique,MAN_48,surface,MAN@48,46.25298,-85.81558,1,0,0,1
Big.Manistique,MAN_49,benthic,MAN@49,46.250025,-85.804514,0,0,0,0
Big.Manistique,MAN_50,surface,MAN@50,46.242086,-85.804208,1,0,0,1
Big.Manistique,MAN_51,benthic,MAN@51,46.239112,-85.811116,0,0,0,0
Big.Manistique,MAN_52,surface,MAN@52,46.232161,-85.814193,4,0,0,4
Big.Manistique,MAN_53,surface,MAN@53,46.2261,-85.818413,1,0,0,1
Big.Manistique,MAN_54,surface,MAN@54,46.222477,-85.831635,1,0,0,1
Big.Manistique,MAN_55,benthic,MAN@55,46.217761,-85.811161,0,0,0,0
Mullett.Lake,MUL_02,surface,2@2@1@2,45.57625,-84.48823,0,0,0,0
Mullett.Lake,MUL_03,surface,2@2@1@3,45.57478,-84.4889,0,0,0,0
Mullett.Lake,MUL_04,surface,2@2@1@4,45.57658,-84.49677,0,0,0,0
Mullett.Lake,MUL_06,surface,2@2@1@6,45.5711,-84.50205,0,0,0,0
Mullett.Lake,MUL_07,surface,2@2@1@7,45.56902,-84.5072,1,0,0,1
Mullett.Lake,MUL_08,benthic,2@2@1@8,45.56857,-84.50802,2,0,1,1
Mullett.Lake,MUL_09,surface,2@2@1@9,45.56443,-84.5037,0,0,0,0
Mullett.Lake,MUL_19,benthic,2@2@1@19,45.5271,-84.53897,0,0,0,0
Mullett.Lake,MUL_23,surface,2@2@1@23,45.53163,-84.54438,2,0,1,1
Mullett.Lake,MUL_24,surface,2@2@1@24,45.53413,-84.53683,0,0,0,0
Mullett.Lake,MUL_25,surface,2@2@1@25,45.5375,-84.53942,1,0,1,0
Mullett.Lake,MUL_27,surface,2@2@1@27,45.53855,-84.53422,0,0,0,0
Mullett.Lake,MUL_28,surface,2@2@1@28,45.54177,-84.53577,0,0,0,0
Mullett.Lake,MUL_29,surface,2@2@1@29,45.54398,-84.53038,0,0,0,0
Mullett.Lake,MUL_30,benthic,2@2@1@30,45.54525,-84.53145,0,0,0,0
Mullett.Lake,MUL_32,surface,2@2@1@32,45.55135,-84.53022,0,0,0,0
Mullett.Lake,MUL_34,surface,2@2@1@34,45.5521,-84.52287,0,0,0,0
Mullett.Lake,MUL_35,surface,2@2@1@35,45.55705,-84.52793,0,0,0,0
Mullett.Lake,MUL_37,surface,2@2@1@37,45.5612,-84.5257,0,0,0,0
Mullett.Lake,MUL_39,surface,2@2@1@39,45.56297,-84.51198,0,0,0,0
Mullett.Lake,MUL_40,surface,2@2@1@40,45.56163,-84.50912,0,0,0,0
Mullett.Lake,MUL_41,surface,2@2@1@41,45.50112,-84.51787,0,0,0,0
Mullett.Lake,MUL_42,benthic,2@2@1@42,45.50243,-84.51642,0,0,0,0
Mullett.Lake,MUL_43,surface,2@2@1@43,45.50007,-84.513,0,0,0,0
Mullett.Lake,MUL_48,surface,2@2@1@48,45.5013,-84.49628,0,0,0,0
Mullett.Lake,MUL_55,surface,2@2@1@55,45.51043,-84.48392,0,0,0,0
Mullett.Lake,MUL_56,surface,2@2@M1@56,45.51252,-84.48542,0,0,0,0
Mullett.Lake,MUL_58,surface,2@2@1@58,45.51407,-84.48763,0,0,0,0
Mullett.Lake,MUL_59,surface,2@2@1@59,45.51178,-84.47788,0,0,0,0
Mullett.Lake,MUL_61,surface,2@2@1@61,45.51858,-84.46777,1,0,1,0
Mullett.Lake,MUL_63,surface,2@2@1@63,45.48002,-84.5413,1,0,0,1
Mullett.Lake,MUL_64,surface,2@2@1@64,45.47888,-84.55328,0,0,0,0
Mullett.Lake,MUL_66,surface,2@2@1@66,45.47242,-84.5529,0,0,0,0
Mullett.Lake,MUL_67,surface,2@2@1@67,45.46903,-84.55178,1,0,0,1
Mullett.Lake,MUL_68,surface,2@2@1@68,45.46592,-84.54765,0,0,0,0
Mullett.Lake,MUL_69,surface,2@2@1@69,45.46262,-84.54385,0,0,0,0
Mullett.Lake,MUL_70,surface,2@2@1@70,45.45953,-84.54272,0,0,0,0
Mullett.Lake,MUL_71,benthic,2@2@1@71,45.45555,-84.54238,0,0,0,0
Mullett.Lake,MUL_72,surface,2@2@1@72,45.45222,-84.54352,0,0,0,0
Mullett.Lake,MUL_73,surface,2@2@1@73,45.45283,-84.55022,4,2,1,1
Mullett.Lake,MUL_75,benthic,2@2@1@75,45.45657,-84.55715,0,0,0,0
Mullett.Lake,MUL_77,surface,2@2@1@77,45.45178,-84.56055,0,0,0,0
Mullett.Lake,MUL_78,surface,2@2@1@78,45.4448,-84.55973,0,0,0,0
Mullett.Lake,MUL_79,benthic,2@2@1@79,45.44717,-84.56317,10,6,1,3
Mullett.Lake,MUL_80,benthic,2@2@1@80,45.45052,-84.56553,0,0,0,0
Mullett.Lake,MUL_81,surface,2@2@1@81,45.45032,-84.5708,0,0,0,0
Mullett.Lake,MUL_83,surface,2@2@1@83,45.45435,-84.57987,0,0,0,0
Mullett.Lake,MUL_84,surface,2@2@1@84,45.45787,-84.58328,0,0,0,0
Mullett.Lake,MUL_86,benthic,2@2@1@86,45.46172,-84.58735,1,0,0,1
Mullett.Lake,MUL_88,benthic,2@2@1@88,45.46963,-84.58438,2,0,0,2
Mullett.Lake,MUL_89,surface,2@2@1@89,45.4702,-84.5925,1,0,0,1
Mullett.Lake,MUL_91,benthic,2@2@1@91,45.48425,-84.58785,0,0,0,0
Mullett.Lake,MUL_92,surface,2@2@1@92,45.49068,-84.57813,0,0,0,0
Mullett.Lake,MUL_94,surface,2@2@1@94,45.49517,-84.57383,0,0,0,0
Mullett.Lake,MUL_95,surface,2@2@1@95,45.50665,-84.56297,0,0,0,0
Ocqueoc.Lake,OCQ_02,surface,2@2,45.48108333,-84.11871667,14,3,1,10
Ocqueoc.Lake,OCQ_03,surface,2@3,45.48243333,-84.11851667,0,0,0,0
Ocqueoc.Lake,OCQ_04,surface,2@4,45.48196667,-84.11688333,2,1,0,1
Ocqueoc.Lake,OCQ_05,surface,2@5,45.48131667,-84.11543333,12,2,0,10
Ocqueoc.Lake,OCQ_06,benthic,2@6,45.48131667,-84.11543333,15,7,0,8
Ocqueoc.Lake,OCQ_07,surface,2@7,45.4805,-84.11406667,12,1,2,9
Ocqueoc.Lake,OCQ_08,benthic,2@8,45.48035,-84.11383333,12,6,1,5
Ocqueoc.Lake,OCQ_09,surface,2@9,45.48003333,-84.1141,14,4,1,9
Ocqueoc.Lake,OCQ_10,surface,2@10,45.48,-84.11491667,13,5,1,7
Ocqueoc.Lake,OCQ_11,surface,2@11,45.47938333,-84.11693333,10,1,0,8
Ocqueoc.Lake,OCQ_12,surface,2@12,45.47853333,-84.11595,19,6,4,9
Ocqueoc.Lake,OCQ_13,benthic,2@13,45.47858333,-84.1158,26,10,2,13
Ocqueoc.Lake,OCQ_14,surface,2@14,45.4777,-84.11455,18,2,2,14
Ocqueoc.Lake,OCQ_15,surface,2@15,45.47656667,-84.11613333,4,0,0,4
Ocqueoc.Lake,OCQ_16,surface,2@16,45.47653333,-84.11491667,20,7,2,10
Ocqueoc.Lake,OCQ_17,benthic,2@17,45.47653333,-84.11491667,18,8,4,6
Ocqueoc.Lake,OCQ_18,surface,2@18,45.4767,-84.1135,31,11,6,14
Ocqueoc.Lake,OCQ_19,surface,2@19,45.47793333,-84.11155,14,2,2,10
Ocqueoc.Lake,OCQ_20,benthic,2@20,45.4783,-84.11215,20,7,4,9
Ocqueoc.Lake,OCQ_21,surface,2@21,45.47555,-84.11105,25,9,2,14
Ocqueoc.Lake,OCQ_22,surface,2@22,45.47503333,-84.11193333,30,9,5,15
Ocqueoc.Lake,OCQ_23,benthic,2@23,45.47503333,-84.11193333,0,0,0,0
Ocqueoc.Lake,OCQ_24a,surface,2@24a,45.47311667,-84.11215,18,5,3,10
Ocqueoc.Lake,OCQ_25,surface,2@25,45.47391667,-84.11535,27,12,5,10
Ocqueoc.Lake,OCQ_26,surface,2@26,45.47455,-84.11668333,15,5,2,8
Ocqueoc.Lake,OCQ_27,benthic,2@27,45.47455,-84.11668333,22,7,2,13
Ocqueoc.Lake,OCQ_28,surface,2@28,45.47328333,-84.11586667,5,1,0,4
Ocqueoc.Lake,OCQ_29,surface,2@29,45.47176667,-84.11583333,28,11,4,13
Ocqueoc.Lake,OCQ_30,surface,2@30,45.47078333,-84.11585,29,10,6,13
Ocqueoc.Lake,OCQ_31,benthic,2@31,45.47063333,-84.11558333,19,10,3,6
Ocqueoc.Lake,OCQ_32,surface,2@32,45.47115,-84.11481667,15,3,3,9
Ocqueoc.Lake,OCQ_34,surface,2@34,45.47215,-84.11296667,25,9,3,13
Ocqueoc.Lake,OCQ_35,benthic,2@35,45.47178333,-84.11245,20,6,3,11
Ocqueoc.Lake,OCQ_36,surface,2@36,45.47135,-84.11106667,1,0,0,1
Ocqueoc.Lake,OCQ_37,surface,2@37,45.47085,-84.11018333,22,7,2,12
Ocqueoc.Lake,OCQ_38,benthic,2@38,45.47085,-84.11018333,24,6,5,13
Ocqueoc.Lake,OCQ_39,surface,2@39,45.4696,-84.10891667,8,2,0,6
Ocqueoc.Lake,OCQ_40,benthic,2@40,45.4696,-84.10891667,0,0,0,0
Ocqueoc.Lake,OCQ_41,surface,2@41,45.46891667,-84.10943333,24,9,3,12
Ocqueoc.Lake,OCQ_42,surface,2@42,45.46873333,-84.10986667,11,2,0,9
Ocqueoc.Lake,OCQ_43,benthic,2@43,45.46873333,-84.10986667,15,9,2,4
Ocqueoc.Lake,OCQ_44,surface,2@44,45.46893333,-84.11135,11,2,1,8
Ocqueoc.Lake,OCQ_45,surface,2@45,45.46918333,-84.11206667,19,7,2,10
Ocqueoc.Lake,OCQ_46a,surface,2@46a,45.46926667,-84.1136,25,11,5,9
Ocqueoc.Lake,OCQ_47,surface,2@47,45.46978333,-84.11443333,29,6,6,17
Ocqueoc.Lake,OCQ_48a,benthic,2@48a,45.46978333,-84.11443333,25,6,3,16
Ocqueoc.Lake,OCQ_49,surface,2@49,45.4739,-84.11285,12,3,1,8
Ocqueoc.Lake,OCQ_50,benthic,2@50,45.47436667,-84.11121667,15,5,1,9
Pentwater.Lake,PEN_02,surface,6@2,43.77451667,-86.42906667,4,0,0,4
Pentwater.Lake,PEN_03,surface,6@3,43.77361667,-86.43101667,4,0,0,3
Pentwater.Lake,PEN_04,surface,6@4,43.77515,-86.4335,5,0,0,5
Pentwater.Lake,PEN_05,benthic,6@5,43.77515,-86.4335,23,2,4,17
Pentwater.Lake,PEN_06,surface,6@6,43.77805,-86.4339,5,0,0,5
Pentwater.Lake,PEN_07,surface,6@7,43.7806,-86.43638333,8,2,1,5
Pentwater.Lake,PEN_08,benthic,6@8,43.78,-86.43613333,9,2,2,5
Pentwater.Lake,PEN_09,surface,6@9,43.77941667,-86.43693333,9,1,0,7
Pentwater.Lake,PEN_10,surface,6@10,43.77826667,-86.4356,11,2,0,8
Pentwater.Lake,PEN_11,surface,6@11,43.77621667,-86.43756667,6,0,1,5
Pentwater.Lake,PEN_12,benthic,6@12,43.77618333,-86.43696667,12,2,1,9
Pentwater.Lake,PEN_13,surface,6@13,43.77341667,-86.43796667,5,0,1,4
Pentwater.Lake,PEN_14,benthic,6@14,43.77335,-86.43765,10,2,1,7
Pentwater.Lake,PEN_15,surface,6@15,43.77266667,-86.4365,6,1,0,5
Pentwater.Lake,PEN_16,surface,6@16,43.77313333,-86.43451667,11,1,3,6
Pentwater.Lake,PEN_17,surface,6@17,43.77103333,-86.43498333,5,1,0,4
Pentwater.Lake,PEN_18,benthic,6@18,43.77103333,-86.43498333,10,2,3,5
Pentwater.Lake,PEN_19,surface,6@19,43.76993333,-86.4351,6,1,0,5
Pentwater.Lake,PEN_20,benthic,6@20,43.76993333,-86.43426667,8,2,0,6
Pentwater.Lake,PEN_21,surface,6@21,43.77086667,-86.43105,6,0,1,5
Pentwater.Lake,PEN_22,surface,6@22,43.76981667,-86.43085,10,0,2,7
Pentwater.Lake,PEN_23,benthic,6@23,43.76998333,-86.42958333,14,2,4,8
Pentwater.Lake,PEN_24,surface,6@24,43.76946667,-86.42811667,6,0,1,5
Pentwater.Lake,PEN_25,surface,6@25,43.77463333,-86.42348333,8,4,0,4
Pentwater.Lake,PEN_26,surface,6@26,43.7699,-86.42295,9,2,1,5
Pentwater.Lake,PEN_27,benthic,6@27,43.7699,-86.42295,7,2,0,5
Pentwater.Lake,PEN_28,benthic,6@28,43.76971667,-86.4214,12,1,2,9
Pentwater.Lake,PEN_29,surface,6@29,43.767,-86.42286667,16,7,5,4
Pentwater.Lake,PEN_30,surface,6@30,43.76575,-86.42243333,12,5,1,6
Pentwater.Lake,PEN_31,benthic,6@31,43.76491667,-86.42088333,3,1,0,2
Pentwater.Lake,PEN_32,surface,6@32,43.7638,-86.42008333,7,2,0,5
Pentwater.Lake,PEN_33,surface,6@33,43.76208333,-86.42138333,9,1,1,7
Pentwater.Lake,PEN_34,benthic,6@34,43.76388333,-86.4228,16,4,4,8
Pentwater.Lake,PEN_35,surface,6@35,43.76388333,-86.4228,7,2,2,3
Pentwater.Lake,PEN_36,surface,6@36,43.76433333,-86.41681667,9,1,1,7
Pentwater.Lake,PEN_37,benthic,6@37,43.7661,-86.41513333,32,7,7,18
Pentwater.Lake,PEN_38,surface,6@38,43.76385,-86.41298333,12,5,2,5
Pentwater.Lake,PEN_39,surface,6@39,43.76328333,-86.41215,10,7,0,3
Pentwater.Lake,PEN_41,surface,6@41,43.7629,-86.41031667,9,4,2,3
Pentwater.Lake,PEN_42,benthic,6@42,43.76355,-86.40968333,8,1,0,7
Pentwater.Lake,PEN_43,surface,6@43,43.76378333,-86.40861667,21,7,4,8
Pentwater.Lake,PEN_44,surface,6@44,43.76511667,-86.40841667,5,2,0,3
Pentwater.Lake,PEN_45,surface,6@45,43.76566667,-86.41038333,15,3,3,9
Pentwater.Lake,PEN_46,benthic,6@46,43.76673333,-86.41221667,41,8,11,22
Pentwater.Lake,PEN_47,surface,6@47,43.76895,-86.41366667,20,6,2,10
Pentwater.Lake,PEN_48,surface,6@48,43.76993333,-86.41413333,22,4,4,14
Pentwater.Lake,PEN_49,surface,6@49,43.771,-86.41605,19,5,1,12
Pentwater.Lake,PEN_50,benthic,6@50,43.77058333,-86.4157,32,7,6,19
Pentwater.Lake,PEN_51,surface,6@51,43.77186667,-86.41763333,17,2,2,13
Pentwater.Lake,PEN_52,surface,6@52,43.76998333,-86.41843333,11,0,3,8
Pentwater.Lake,PEN_53,benthic,6@53,43.76998333,-86.41843333,18,6,2,10
Pentwater.Lake,PEN_54,surface,6@54,43.77235,-86.4214,12,3,1,8
Pentwater.Lake,PEN_55a,surface,6@55a,43.7739,-86.421,7,4,0,3
Pentwater.Lake,PEN_56,surface,6@56,43.77238333,-86.427,13,1,3,9
Pentwater.Lake,PEN_57,benthic,6@57,43.77451667,-86.42906667,13,5,1,7
Pickerel.Lake,PIC_10,surface,PIC@10,43.45703333,-85.81008333,3,0,1,2
Pickerel.Lake,PIC_11,surface,PIC@11,43.45656667,-85.80873333,3,0,1,2
Pickerel.Lake,PIC_13,surface,PIC@13,43.45391667,-85.80755,3,0,0,3
Pickerel.Lake,PIC_14,benthic,PIC@14,43.4533,-85.80763333,15,3,6,6
Pickerel.Lake,PIC_15,surface,PIC@15,43.45255,-85.80646667,3,0,0,3
Pickerel.Lake,PIC_16,benthic,PIC@16,43.45273333,-85.80615,6,2,2,2
Pickerel.Lake,PIC_17,surface,PIC@17,43.45243333,-85.8046,2,0,0,2
Pickerel.Lake,PIC_18,surface,PIC@18,43.45381667,-85.8053,2,0,0,2
Pickerel.Lake,PIC_20,surface,PIC@20,43.45518333,-85.8043,3,0,0,3
Pickerel.Lake,PIC_21,surface,PIC@21,43.45626667,-85.80595,3,1,1,1
Pickerel.Lake,PIC_23,benthic,PIC@23,43.45858333,-85.80616667,6,3,0,3
Pickerel.Lake,PIC_24,surface,PIC@24,43.4603,-85.80446667,6,3,0,3
Pickerel.Lake,PIC_25,surface,PIC@25,43.46066667,-85.80243333,3,0,0,3
Pickerel.Lake,PIC_26,benthic,PIC@26,43.46023333,-85.80313333,6,3,2,1
Pickerel.Lake,PIC_28,surface,PIC@28,43.45891667,-85.80811667,4,0,1,3
Pickerel.Lake,PIC_29,surface,PIC@29,43.45828333,-85.80888333,3,0,1,2
Pickerel.Lake,PIC_30,surface,PIC@30,43.45985,-85.81096667,5,1,1,3
Pickerel.Lake,PIC_31,benthic,PIC@31,43.46028333,-85.81253333,25,8,5,12
Pickerel.Lake,PIC_33,surface,PIC@33,43.4615,-85.8193,7,2,1,4
Pickerel.Lake,PIC_34,benthic,PIC@34,43.46056667,-85.81838333,19,5,5,9
Pickerel.Lake,PIC_35,surface,PIC@35,43.45941667,-85.81643333,2,0,0,2
Pickerel.Lake,PIC_36,surface,PIC@36,43.4586,-85.8147,6,0,1,5
Pickerel.Lake,PIC_39,surface,PIC@39,43.45638333,-85.81701667,4,0,1,3
Pickerel.Lake,PIC_40,surface,PIC@40,43.45601667,-85.81526667,2,0,0,2
Pickerel.Lake,PIC_41,benthic,PIC@41,43.4551,-85.81398333,6,2,1,3
Pickerel.Lake,PIC_42,surface,PIC@42,43.45415,-85.81281667,2,1,0,1
Pickerel.Lake,PIC_43,surface,PIC@43,43.4539,-85.81453333,2,0,0,2
Pickerel.Lake,PIC_45,benthic,PIC@45,43.45318333,-85.81565,1,0,0,1
Pickerel.Lake,PIC_46,surface,PIC@46,43.45438333,-85.81668333,4,0,1,3
Pickerel.Lake,PIC_48,surface,PIC@48,43.45431667,-85.81768333,8,3,1,4
Pickerel.Lake,PIC_49,surface,PIC@49,43.45273333,-85.81926667,2,0,0,2
Thompson.Lake,THO_01,surface,THO@01,42.60962,-83.92093,6,4,1,1
Thompson.Lake,THO_02,surface,THO@02,42.60874,-83.91983,3,2,1,0
Thompson.Lake,THO_03,benthic,THO@03,42.60852,-83.917,9,3,2,4
Thompson.Lake,THO_04,surface,THO@04,42.61051,-83.91533,5,3,1,1
Thompson.Lake,THO_05,surface,THO@05,42.60827,-83.91049,3,2,1,0
Thompson.Lake,THO_06,surface,THO@06,42.60624,-83.90954,1,1,0,0
Thompson.Lake,THO_07,surface,THO@07,42.60546,-83.90652,7,4,1,2
Thompson.Lake,THO_08,benthic,THO@08,42.60633,-83.90575,7,4,1,2
Thompson.Lake,THO_09,surface,THO@09,42.60718,-83.90524,8,4,2,2
Thompson.Lake,THO_10,surface,THO@10,42.608,-83.90758,2,2,0,0
Thompson.Lake,THO_11,benthic,THO@11,42.60998,-83.9124,6,3,2,1
Thompson.Lake,THO_12,surface,THO@12,42.61341,-83.91131,0,0,0,0
Thompson.Lake,THO_13,benthic,THO@13,42.61341,-83.91131,10,3,2,5
Thompson.Lake,THO_14,surface,THO@14,42.61637,-83.91264,3,3,0,0
Thompson.Lake,THO_15,surface,THO@15,42.61764,-83.91567,3,1,1,1
Thompson.Lake,THO_16,surface,THO@16,42.617347,-83.918035,2,1,0,1
Thompson.Lake,THO_17,surface,THO@17,42.619812,-83.919295,1,1,0,0
Thompson.Lake,THO_18,surface,THO@18,42.620159,-83.92277,1,1,0,0
Thompson.Lake,THO_19,benthic,THO@19,42.61976,-83.9221,4,3,1,0
Thompson.Lake,THO_20,surface,THO@20,42.61654,-83.92037,4,3,0,1
Thompson.Lake,THO_21,surface,THO@21,42.61591,-83.9202,2,2,0,0
Thompson.Lake,THO_22,benthic,THO@22,42.6151,-83.91968,5,3,1,1
Thompson.Lake,THO_23,surface,THO@23,42.61373,-83.91605,1,1,0,0
Thompson.Lake,THO_24,benthic,THO@24,42.61286,-83.91658,9,2,3,4
Thompson.Lake,THO_25,surface,THO@25,42.61164,-83.9171,2,1,1,0
Torch.Lake,TOR_01,surface,TOR@01,44.88084,-85.27816,5,0,1,4
Torch.Lake,TOR_02,surface,TOR@02,44.87323,-85.28566,0,0,0,0
Torch.Lake,TOR_03,surface,TOR@03,44.85876,-85.29895,1,0,1,0
Torch.Lake,TOR_04,surface,TOR@04,44.85285,-85.31861,1,0,0,1
Torch.Lake,TOR_05,benthic,TOR@05,44.85348,-85.32173,2,0,1,1
Torch.Lake,TOR_06,surface,TOR@06,44.8513,-85.32785,0,0,0,0
Torch.Lake,TOR_07,benthic,TOR@07,44.85342,-85.33163,0,0,0,0
Torch.Lake,TOR_08,benthic,TOR@08,44.85996,-85.32719,1,0,1,0
Torch.Lake,TOR_09,surface,TOR@09,44.858991,-85.324459,2,0,0,2
Torch.Lake,TOR_10,surface,TOR@10,44.87297,-85.32263,0,0,0,0
Torch.Lake,TOR_11,surface,TOR@11,44.87663,-85.31889,4,0,0,4
Torch.Lake,TOR_12,surface,TOR@12,44.90457,-85.3259,1,0,0,1
Torch.Lake,TOR_13,benthic,TOR@13,44.90953,-85.32409,0,0,0,0
Torch.Lake,TOR_14,surface,TOR@14,44.93129,-85.3216,1,0,0,1
Torch.Lake,TOR_15,benthic,TOR@15,44.9348,-85.395,5,0,1,4
Torch.Lake,TOR_16,surface,TOR@16,44.93973,-85.31916,6,0,2,4
Torch.Lake,TOR_17,benthic,TOR@17,44.94424,-85.32031,0,0,0,0
Torch.Lake,TOR_18,surface,TOR@18,44.94623,-85.32198,1,0,0,1
Torch.Lake,TOR_19,surface,TOR@19,44.96271,-85.31958,2,0,0,2
Torch.Lake,TOR_20,surface,TOR@20,44.97281,-85.32178,1,0,0,1
Torch.Lake,TOR_21,surface,TOR@21,44.97912,-85.31667,0,0,0,0
Torch.Lake,TOR_22,surface,TOR@22,44.98263,-85.31651,0,0,0,0
Torch.Lake,TOR_23,benthic,TOR@23,44.98732,-85.319,3,0,0,3
Torch.Lake,TOR_24,surface,TOR@24,44.986773,-85.319843,1,0,1,0
Torch.Lake,TOR_25,surface,TOR@25,45.0087,-85.32618,4,0,0,4
Torch.Lake,TOR_26,benthic,TOR@26,45.01661,-85.3303,4,0,0,4
Torch.Lake,TOR_27,surface,TOR@27,45.0196,-85.32955,1,0,0,1
Torch.Lake,TOR_28,benthic,TOR@28,45.02492,-85.32722,1,0,0,1
Torch.Lake,TOR_29,surface,TOR@29,45.02703,-85.32799,0,0,0,0
Torch.Lake,TOR_30,surface,TOR@30,45.03557,-85.33041,0,0,0,0
Torch.Lake,TOR_31,surface,TOR@31,45.03733,-85.32875,1,0,0,1
Torch.Lake,TOR_32,surface,TOR@32,45.04615,-85.33718,0,0,0,0
Torch.Lake,TOR_33,surface,TOR@33,45.05692,-85.32367,1,0,0,1
Torch.Lake,TOR_34,benthic,TOR@34,45.06656,-85.3227,5,0,0,5
Torch.Lake,TOR_35,surface,TOR@35,45.06921,-85.32373,4,0,1,3
Torch.Lake,TOR_36,surface,TOR@36,45.08334,-85.323112,5,0,0,5
Torch.Lake,TOR_37,benthic,TOR@37,45.08634,-85.32483,6,0,0,6
Torch.Lake,TOR_38,surface,TOR@38,45.09738,-85.33437,14,0,1,12
Torch.Lake,TOR_39,surface,TOR@39,45.1056,-85.3474,3,1,1,1
Torch.Lake,TOR_40,surface,TOR@40,45.08218,-85.34945,6,0,1,5
Torch.Lake,TOR_41,benthic,TOR@41,45.07664,-85.34914,2,0,0,2
Torch.Lake,TOR_42,surface,TOR@42,45.0759,-85.349,3,0,2,1
Torch.Lake,TOR_43,surface,TOR@43,45.07441,-85.35358,1,0,0,1
Torch.Lake,TOR_44,surface,TOR@44,45.06812,-85.35339,2,0,0,2
Torch.Lake,TOR_45,surface,TOR@45,45.0644,-85.34714,0,0,0,0
Torch.Lake,TOR_47,surface,TOR@47,45.04771,-85.31525,0,0,0,0
Torch.Lake,TOR_48,benthic,TOR@48,45.04284,-85.30861,0,0,0,0
Torch.Lake,TOR_49,surface,TOR@49,45.02158,-85.2975,1,0,0,1
Torch.Lake,TOR_50,benthic,TOR@50,45.0088,-85.29785,0,0,0,0
Torch.Lake,TOR_51,surface,TOR@51,44.9948,-85.29363,0,0,0,0
Torch.Lake,TOR_52,benthic,TOR@52,44.99471,-85.29053,0,0,0,0
Torch.Lake,TOR_53,surface,TOR@53,44.965991,-85.281274,1,0,0,1
Torch.Lake,TOR_54,benthic,TOR@54,44.942431,-85.284659,1,1,0,0
Torch.Lake,TOR_55,surface,TOR@55,44.94221,-85.28668,1,0,0,1
Torch.Lake,TOR_56,benthic,TOR@56,44.937753,-85.29138,0,0,0,0
Torch.Lake,TOR_57,surface,TOR@57,44.92988,-85.29124,0,0,0,0
Torch.Lake,TOR_58,surface,TOR@58,44.915733,-85.2879,0,0,0,0
Torch.Lake,TOR_59,surface,TOR@59,44.90527,-85.28504,1,0,1,0
Torch.Lake,TOR_60,surface,TOR@60,44.9016,-85.28276,1,0,0,1
Walloon.Lake,WAL_02,surface,7@2,45.27898333,-85.02278333,10,0,0,9
Walloon.Lake,WAL_04,surface,7@4,45.28735,-85.02438333,18,2,2,13
Walloon.Lake,WAL_05,surface,7@5,45.29363333,-85.02915,17,3,1,13
Walloon.Lake,WAL_06,surface,7@6,45.29475,-85.02598333,1,0,0,1
Walloon.Lake,WAL_07,surface,7@7,45.29168333,-85.0241,3,1,0,2
Walloon.Lake,WAL_08,benthic,7@8,45.29101667,-85.0217,2,1,1,0
Walloon.Lake,WAL_09,surface,7@9,45.29301667,-85.01908333,13,1,2,10
Walloon.Lake,WAL_10,benthic,7@10,45.29798333,-85.0187,3,0,0,3
Walloon.Lake,WAL_11,benthic,7@11,45.29991667,-85.0257,0,0,0,0
Walloon.Lake,WAL_12,surface,7@12,45.3007,-85.03016667,6,0,1,5
Walloon.Lake,WAL_13,benthic,7@13,45.31106667,-85.02883333,9,0,2,7
Walloon.Lake,WAL_14,surface,7@14,45.31063333,-85.03151667,9,0,1,7
Walloon.Lake,WAL_15,surface,7@15,45.31598333,-85.03055,4,0,0,4
Walloon.Lake,WAL_16,benthic,7@16,45.31598333,-85.03055,1,0,0,1
Walloon.Lake,WAL_17,surface,7@17,45.32006667,-85.04256667,9,2,1,5
Walloon.Lake,WAL_18,surface,7@18,45.32416667,-85.0424,15,0,0,12
Walloon.Lake,WAL_19,benthic,7@19,45.32941667,-85.04286667,2,0,1,1
Walloon.Lake,WAL_21,surface,7@21,45.33088333,-85.0464,11,0,1,10
Walloon.Lake,WAL_22,surface,7@22,45.33301667,-85.04925,15,1,2,12
Walloon.Lake,WAL_23,surface,7@23,45.33436667,-85.04563333,10,0,1,9
Walloon.Lake,WAL_24,surface,7@24,45.33741667,-85.04616667,14,3,3,7
Walloon.Lake,WAL_25,benthic,7@25,45.33741667,-85.04616667,8,1,1,6
Walloon.Lake,WAL_26a,surface,7@26a,45.33365,-85.04093333,21,0,3,17
Walloon.Lake,WAL_27,surface,7@27,45.3314,-85.03738333,7,0,0,7
Walloon.Lake,WAL_28,benthic,7@28,45.3314,-85.03738333,7,0,1,6
Walloon.Lake,WAL_29,surface,7@29,45.32916667,-85.03416667,7,0,0,7
Walloon.Lake,WAL_30,surface,7@30,45.32138333,-85.02948333,12,0,1,11
Walloon.Lake,WAL_31,benthic,7@31,45.31791667,-85.0255,0,0,0,0
Walloon.Lake,WAL_32,surface,7@32,45.31346667,-85.0193,13,0,1,11
Walloon.Lake,WAL_33,surface,7@33,45.30873333,-85.01683333,0,0,0,0
Walloon.Lake,WAL_34,surface,7@34,45.30468333,-85.01381667,15,1,2,12
Walloon.Lake,WAL_35,benthic,7@35,45.30196667,-85.01401667,0,0,0,0
Walloon.Lake,WAL_36,surface,7@36,45.2952,-85.01075,7,1,2,4
Walloon.Lake,WAL_37,benthic,7@37,45.29193333,-85.01761667,10,2,1,7
Walloon.Lake,WAL_38,surface,7@38,45.2886,-85.01246667,7,0,1,5
Walloon.Lake,WAL_39,benthic,7@39,45.2886,-85.01263333,4,0,0,4
Walloon.Lake,WAL_40,surface,7@40,45.28253333,-85.00736667,15,1,1,12
Walloon.Lake,WAL_41,surface,7@41,45.28085,-85.00286667,10,0,2,8
Walloon.Lake,WAL_42,benthic,7@42,45.27586667,-84.99515,1,0,0,1
Walloon.Lake,WAL_43,surface,7@43,45.27035,-84.99288333,14,0,3,11
Walloon.Lake,WAL_44,surface,7@44,45.27333333,-84.98566667,2,0,0,2
Walloon.Lake,WAL_45,benthic,7@45,45.27333333,-84.98566667,4,2,0,2
Walloon.Lake,WAL_46,surface,7@46,45.27543333,-84.9756,11,0,1,10
Walloon.Lake,WAL_47,benthic,7@47,45.27205,-84.97345,1,0,0,1
Walloon.Lake,WAL_48,surface,7@48,45.27501667,-84.9693,18,2,4,12
Walloon.Lake,WAL_49,surface,7@49,45.28456667,-84.96665,8,1,0,7
Walloon.Lake,WAL_50,surface,7@50,45.29213333,-84.97053333,19,3,2,13
Walloon.Lake,WAL_51,benthic,7@51,45.29456667,-84.96691667,3,2,0,1
Walloon.Lake,WAL_52,surface,7@52,45.2977,-84.96595,12,1,2,9
Walloon.Lake,WAL_53,surface,7@53,45.30848333,-84.96986667,16,4,5,7
Walloon.Lake,WAL_54,surface,7@54,45.30756667,-84.97375,30,9,5,16
Walloon.Lake,WAL_55,surface,7@55,45.30523333,-84.97616667,7,2,2,3
Walloon.Lake,WAL_56,surface,7@56,45.30023333,-84.97565,8,2,1,5
Walloon.Lake,WAL_57,surface,7@57,45.26856667,-84.95311667,12,0,2,9
Walloon.Lake,WAL_58,surface,7@58,45.26195,-84.94771667,4,0,0,3
Walloon.Lake,WAL_59,surface,7@59,45.25903333,-84.95433333,14,0,2,12
Walloon.Lake,WAL_60,surface,7@60,45.25273333,-84.97001667,13,4,2,7
Wycamp.Lake,WYC_01,surface,WYC@01,45.65326,-84.98412,0,0,0,0
Wycamp.Lake,WYC_02,surface,WYC@02,45.65386,-84.9856,0,0,0,0
Wycamp.Lake,WYC_03,surface,WYC@03,45.65397,-84.98828,1,1,0,0
Wycamp.Lake,WYC_04,surface,WYC@04,45.65594,-84.99031,0,0,0,0
Wycamp.Lake,WYC_05,surface,WYC@05,45.65691,-84.98631,3,2,0,1
Wycamp.Lake,WYC_06,surface,WYC@06,45.65843,-84.98309,4,2,1,1
Wycamp.Lake,WYC_07,surface,WYC@07,45.65838,-84.98244,2,2,0,0
Wycamp.Lake,WYC_08,benthic,WYC@08,45.65797,-84.98001,0,0,0,0
Wycamp.Lake,WYC_09,surface,WYC@09,45.66037,-84.9752,4,1,1,1
Wycamp.Lake,WYC_10,benthic,WYC@10,45.66031,-84.97426,3,2,0,1
Wycamp.Lake,WYC_11,surface,WYC@11,45.6541,-84.97312,1,0,0,1
Wycamp.Lake,WYC_12,surface,WYC@12,45.66304,-84.97238,2,1,1,0
Wycamp.Lake,WYC_13,benthic,WYC@13,45.66061,-84.96848,4,3,0,1
Wycamp.Lake,WYC_14,surface,WYC@14,45.6637,-84.96455,5,1,2,2
Wycamp.Lake,WYC_15,benthic,WYC@15,45.66221,-84.96371,11,3,3,5
Wycamp.Lake,WYC_16,surface,WYC@16,45.65907,-84.961,7,4,0,3
Wycamp.Lake,WYC_17,surface,WYC@17,45.66067,-84.95853,5,4,0,1
Wycamp.Lake,WYC_18,benthic,WYC@18,45.65593,-84.95772,3,3,0,0
Wycamp.Lake,WYC_19,surface,WYC@19,45.65951,-84.96333,6,1,2,3
Wycamp.Lake,WYC_20,surface,WYC@20,45.66099,-84.96644,1,1,0,0
Wycamp.Lake,WYC_21,surface,WYC@21,45.65883,-84.96704,6,4,0,2
Wycamp.Lake,WYC_22,surface,WYC@22,45.66022,-84.96811,7,2,1,4
Wycamp.Lake,WYC_23,benthic,WYC@23,45.6586,-84.97014,7,4,1,2
Wycamp.Lake,WYC_24,surface,WYC@24,45.65729,-84.97512,5,4,0,1
Wycamp.Lake,WYC_25,benthic,WYC@25,45.65718,-84.97719,11,4,3,4
Wycamp.Lake,WYC_26,surface,WYC@26,45.65556,-84.97806,3,1,0,2
Wycamp.Lake,WYC_27,surface,WYC@27,45.65631,-84.97977,2,2,0,0
Wycamp.Lake,WYC_28,benthic,WYC@28,45.65614,-84.98212,3,1,0,2
Wycamp.Lake,WYC_29,surface,WYC@29,45.65671,-84.98477,1,1,0,0
Wycamp.Lake,WYC_30,benthic,WYC@30,45.65541,-84.98597,3,2,0,1
Wycamp.Lake,WYC_31,surface,WYC@31,45.65417,-84.98717,2,1,0,1
Wycamp.Lake,WYC_32,surface,WYC@32,45.65443,-84.9824,1,1,0,0
Wycamp.Lake,WYC_33,benthic,WYC@33,45.65447,-84.98249,0,0,0,0
